EB-047,0
EB-088,0
EB-097,0
EB-037,0
EB-071,0
EB-038,0
EB-092,0
EB-026,0
EB-073,0
EB-116,0
EB-072,0
EB-094,0
EB-096,0
EB-095,0
EB-112,0
EB-098,1
EB G4,2
EB-17,4
EB-070,6
EB-115,7
EB-029,8
EB 121,10
EB-18,10
EB-109,10
EB-110,10
EB-093,10
EB G3,11
EB-045,12
EB-099,13
EB-075,13
EB-074,13
EB-114,14
EB-046,14
EB-123,14
EB-103,15
EB-043,16
EB-044,16
EB-102,18
EB-050,20
EB-111,20
EB-036,20
EB-108,20
EB-032,20
EB-052,20
EB-051,20
EB-090,20
EB-124,20
EB-101,20
EB-091,20
EB-105,20
EB-106,20
EB-125,20
EB-118,21
EB-104,21
EB-107,21
EB-119,21
EB G2,22
EB-122,22
EB G1,22
EB 120,22
EB-053,23
EB-117,23
